Bus,PV_Size_MW,BESS_Power_MW,BESS_Energy_MWh,Direct_to_Grid_MWh,Charged_to_BESS_MWh,Discharged_from_BESS_MWh,Curtailed_MWh
29,27.39,7.537,15.88,53509.94715288321,696.4850270446216,557.1880216356973,4.384299228078065
8,16.37,7.002,18.854,18472.04386814684,0.0,0.0,0.0
22,11.25,6.207,13.382,19053.001841348076,0.0,0.0,0.0
5,21.68,4.31,11.687,27399.137366866107,0.6827416703291433,0.5461933362633147,0.0
30,20.88,2.558,10.132,40564.06809443537,0.0,0.0,0.0
